,CCA1,CCA2,Species
H.chierchiae,-0.177665441,0.08610078,Hch
H.dispilus,0.157890327,-0.076517303,Hdi
