"","CCA1","CCA2","Species"
"P.punctatus",0.111347008018152,0.0126584528726927,"P.punctatus"
"B.polylepis",-0.109808211116289,-0.012483515185461,"B.polylepis"
